learning_rate,max_leaf_nodes,min_samples_leaf,l2_regularization,mae_normal_mean,mae_normal_std,mae_all_mean,folds_mae_normal,trees_used
0.03,15,50,1.0,60.544291191561655,1.7203654452317274,114.32121141606937,62.8 / 58.7 / 60.1,635 / 607 / 758
0.03,63,100,1.0,60.61017628020994,2.2161341931224143,114.37982473696773,63.4 / 58.0 / 60.4,429 / 415 / 494
0.05,63,100,1.0,60.66615758188252,2.024887136097872,114.43451429726208,63.3 / 58.4 / 60.3,269 / 289 / 354
0.03,15,100,1.0,60.67059907673002,1.7619608341507604,114.44247010165827,63.0 / 58.7 / 60.4,699 / 775 / 775
0.1,31,100,0.1,60.73986077776464,1.9834288589187403,114.50795478958457,63.1 / 58.2 / 60.9,232 / 262 / 325
0.03,63,100,0.1,60.76527743017338,1.9885268564055458,114.5267162800806,63.4 / 58.6 / 60.2,407 / 422 / 495
0.05,15,100,1.0,60.76665915964673,1.6476843179548397,114.53767882978387,62.9 / 58.8 / 60.6,501 / 568 / 538
0.03,31,100,0.1,60.83818038224837,1.7445573686732483,114.61442002758395,63.2 / 59.0 / 60.3,469 / 563 / 598
0.05,15,100,0.0,60.88976225264893,1.581468038818065,114.65983374852101,63.0 / 59.2 / 60.5,456 / 576 / 429
0.03,15,50,0.1,60.916612383554686,1.572147683654895,114.68611381834125,63.1 / 59.3 / 60.4,645 / 634 / 793
0.1,63,50,0.0,60.94963042084271,1.7301372568716018,114.71533935149296,63.3 / 59.1 / 60.4,191 / 181 / 187
0.1,31,100,0.0,61.000326723870906,1.641682345692941,114.76668233938783,63.2 / 59.3 / 60.5,181 / 218 / 334
0.03,15,100,0.0,61.01370515146019,1.2206630701268641,114.77743091728514,62.7 / 59.9 / 60.4,724 / 668 / 738
0.03,63,100,0.0,61.05213852062292,1.6425377793329683,114.8123186993294,63.4 / 59.6 / 60.2,454 / 421 / 477
0.05,31,100,0.1,61.07063666187015,1.38398743280199,114.83896411352269,63.0 / 59.7 / 60.6,346 / 326 / 461
0.05,15,100,0.1,61.07740850313949,1.2643003208469663,114.84320588657863,62.8 / 59.8 / 60.6,534 / 463 / 542
0.03,15,50,0.0,61.12203815629306,1.314513442820408,114.89168148528331,63.0 / 60.1 / 60.3,653 / 692 / 824
0.05,63,100,0.0,61.13725921674456,1.493617724922742,114.89287948272094,63.2 / 60.1 / 60.1,289 / 302 / 461
0.05,31,50,0.0,61.16565190988172,1.2843888130083592,114.93492051596864,63.0 / 60.3 / 60.2,408 / 354 / 445
0.1,15,100,0.0,61.1718285009727,1.2979426660612763,114.95032253459313,63.0 / 59.9 / 60.7,226 / 250 / 408
0.05,63,100,0.1,61.17761901836936,1.5520041681198504,114.93665399510756,63.4 / 60.0 / 60.2,272 / 256 / 399
0.03,31,100,0.0,61.178207248036564,1.4543114433367677,114.95164551587898,63.2 / 59.9 / 60.4,463 / 518 / 569
0.03,63,50,0.1,61.179912718760534,1.692460092164683,114.93696668376926,63.6 / 59.8 / 60.1,366 / 462 / 546
0.05,31,100,0.0,61.19214980320811,1.2891302861766054,114.95698548484097,63.0 / 60.0 / 60.5,373 / 347 / 481
0.05,63,50,1.0,61.19390159245058,1.5395326107291054,114.95450908372362,63.4 / 59.9 / 60.3,310 / 332 / 360
0.03,31,20,0.0,61.19930630188279,1.3487900774557318,114.96936978733233,63.1 / 60.1 / 60.4,483 / 490 / 619
0.03,15,100,0.1,61.22885422274405,1.2276642132966245,114.99078716389539,63.0 / 60.3 / 60.4,735 / 749 / 781
0.05,63,20,0.0,61.232458387320776,1.5402239855559927,114.98877203543634,63.4 / 60.0 / 60.3,304 / 281 / 363
0.03,31,50,1.0,61.23485073141649,1.295314627874947,115.00170381053339,63.1 / 60.4 / 60.2,563 / 487 / 607
0.1,15,100,1.0,61.244463020399365,1.205222362301967,115.00451201651113,62.9 / 60.3 / 60.5,217 / 346 / 464
0.03,63,50,0.0,61.273291290840554,1.6786150877253423,115.0284755144408,63.6 / 60.0 / 60.2,327 / 482 / 531
0.03,31,100,1.0,61.310251674696495,1.2794209070890152,115.0781500863398,63.1 / 60.6 / 60.2,504 / 587 / 570
0.05,63,50,0.0,61.341917898679746,1.464456420049109,115.10100581033446,63.4 / 60.0 / 60.6,269 / 323 / 375
0.03,31,50,0.0,61.378581600034465,1.2486932416626726,115.13780289830322,63.1 / 60.8 / 60.2,576 / 525 / 664
0.1,63,100,0.0,61.39273091212752,1.2495319790865442,115.14439539352396,63.1 / 60.7 / 60.3,163 / 188 / 238
0.05,15,20,1.0,61.40003552891346,1.1632455725655655,115.16438052142576,63.0 / 60.6 / 60.6,408 / 487 / 633
0.1,15,50,1.0,61.41032267544338,0.9047983842147479,115.17467126806747,62.7 / 61.0 / 60.5,261 / 361 / 445
0.05,15,20,0.0,61.44221683544432,1.1784500674193876,115.19960843585933,63.0 / 61.0 / 60.3,434 / 377 / 528
0.03,15,20,0.1,61.45130999345189,1.1363793266278364,115.21292207228778,63.0 / 60.9 / 60.5,681 / 574 / 730
0.03,15,20,1.0,61.45368395651837,1.185517117191071,115.21658329508436,63.0 / 61.1 / 60.2,677 / 604 / 749
0.03,63,50,1.0,61.45816448378057,1.2891528323671704,115.21170088084318,63.3 / 60.7 / 60.4,514 / 436 / 480
0.05,15,50,1.0,61.51771516897969,0.9079729182637939,115.27545701554722,62.7 / 61.5 / 60.4,555 / 534 / 586
0.05,31,100,1.0,61.5289545593404,1.0221912433457268,115.29034365943299,62.9 / 61.3 / 60.4,354 / 374 / 430
0.1,15,20,1.0,61.572714045781105,0.9018545191866948,115.32971161087407,62.7 / 61.5 / 60.5,325 / 269 / 398
0.05,63,50,0.1,61.57476552709408,1.4108299845300842,115.32554105697592,63.5 / 61.2 / 60.1,254 / 333 / 358
0.05,31,50,0.1,61.60581231045299,1.095880075461259,115.35863896353641,63.0 / 61.4 / 60.4,354 / 431 / 490
0.03,15,20,0.0,61.61788875606163,1.120067436875373,115.37813457383164,63.1 / 61.4 / 60.3,584 / 629 / 724
0.05,15,50,0.1,61.63621577080235,1.0356826918143485,115.39513751923285,62.9 / 61.7 / 60.3,451 / 535 / 605
0.05,31,20,0.0,61.67022304372606,1.1778142326920589,115.42795196952744,63.0 / 61.8 / 60.1,359 / 341 / 454
0.1,31,50,0.1,61.70388609244437,0.9753646817948378,115.45632076978796,63.0 / 61.3 / 60.8,202 / 248 / 246
0.05,15,50,0.0,61.730003685213454,1.0927136234534727,115.47839740293891,63.1 / 61.7 / 60.4,443 / 496 / 582
0.1,15,100,0.1,61.73316704240822,0.7062346140958041,115.49662551511629,62.5 / 61.8 / 60.8,317 / 391 / 380
0.05,31,50,1.0,61.74429394991022,1.1420611276308394,115.49847142856663,62.7 / 62.4 / 60.1,426 / 403 / 506
0.1,15,50,0.1,61.74913493074993,0.9258809649555034,115.5138037803834,62.7 / 62.0 / 60.5,279 / 301 / 461
0.1,63,100,0.1,61.771223004598255,1.1997576052493828,115.52441362797418,63.3 / 61.6 / 60.4,129 / 176 / 200
0.03,63,20,0.0,61.80082880185791,1.2755724085771059,115.54970809738425,63.4 / 61.7 / 60.3,439 / 455 / 522
0.1,63,50,0.1,61.80320601138177,1.288111752273218,115.5584913150555,63.6 / 61.2 / 60.6,145 / 169 / 222
0.1,31,50,0.0,61.84601423401515,1.067467354463872,115.59383509046064,63.1 / 61.9 / 60.5,197 / 263 / 336
0.1,63,100,1.0,61.883548395101315,1.3913260430533478,115.63261132837336,63.4 / 62.1 / 60.1,161 / 175 / 207
0.03,31,50,0.1,61.89276271492224,1.1765931045865152,115.65111522496072,63.1 / 62.3 / 60.3,472 / 523 / 597
0.1,15,50,0.0,61.95623560230075,1.0456806391490265,115.71699690611428,62.9 / 62.5 / 60.5,244 / 349 / 324
0.1,31,100,1.0,62.021095677158264,1.106079403792472,115.77155678957568,63.2 / 62.3 / 60.5,215 / 322 / 310
0.03,31,20,0.1,62.02867757199537,1.2319881249712596,115.78269660589372,63.4 / 62.3 / 60.4,468 / 489 / 675
0.03,31,20,1.0,62.070502156727066,1.407876443683254,115.82139510666018,63.2 / 62.9 / 60.1,483 / 522 / 651
0.05,63,20,1.0,62.22632499753653,1.4524315188038608,115.97039233650928,63.4 / 63.1 / 60.2,286 / 320 / 397
0.1,63,50,1.0,62.277012915599904,1.5112246075764468,116.02743864816519,63.5 / 63.2 / 60.1,139 / 158 / 207
0.03,63,20,0.1,62.29753160957832,1.5387964593202657,116.0334628488884,63.3 / 63.5 / 60.1,445 / 452 / 575
0.05,15,20,0.1,62.32813626656789,1.4361347595480736,116.07350355330856,63.3 / 63.3 / 60.3,376 / 411 / 536
0.03,63,20,1.0,62.37369831285573,1.3236646631500029,116.1058106897237,63.4 / 63.2 / 60.5,459 / 430 / 569
0.05,31,20,0.1,62.38338065269671,1.5727544759233345,116.12458704226117,63.0 / 63.9 / 60.2,374 / 360 / 477
0.05,31,20,1.0,62.591622719095604,1.8823015272354149,116.33118461763502,62.9 / 64.7 / 60.1,389 / 384 / 371
0.05,63,20,0.1,62.761078053761345,2.0233927076044287,116.4943032235668,63.2 / 65.0 / 60.1,292 / 302 / 386
0.1,15,20,0.0,62.842348084241586,1.9068405813192628,116.58766783169939,62.9 / 65.2 / 60.5,318 / 287 / 457
0.1,31,50,1.0,63.1827255471077,2.2403267548536134,116.91087758935605,63.3 / 65.9 / 60.4,246 / 254 / 272
0.1,31,20,0.0,63.219439945933175,1.8689183011458197,116.94818182370096,63.2 / 65.5 / 60.9,218 / 216 / 255
0.1,31,20,1.0,63.24604354054162,2.079124330710226,116.97604167553145,63.5 / 65.7 / 60.6,201 / 221 / 326
0.1,31,20,0.1,63.53483963957271,2.2751859355693074,117.26253549354777,63.2 / 66.5 / 61.0,222 / 221 / 303
0.1,63,20,0.1,63.65080344544705,2.7534945317343866,117.36761067538293,63.5 / 67.1 / 60.4,196 / 188 / 225
0.1,15,20,0.1,63.82862524019623,3.0024181300875874,117.565336017011,62.8 / 67.9 / 60.8,271 / 335 / 383
0.1,63,20,0.0,63.83673527879423,3.374780431715732,117.55329764396383,63.5 / 68.1 / 59.9,180 / 187 / 236
0.1,63,20,1.0,64.00273798780104,3.1831034676469314,117.7251997221875,63.7 / 68.0 / 60.3,199 / 181 / 201
